{"type":"footer","name":"t:sections.footer-group.name","sections":{"footer-promotions":{"type":"footer-promotions","blocks":{"footer-promotions-0":{"type":"promotion","disabled":true,"settings":{"enable_image":true,"image_mask":"none","image_width":650,"title":"Site-wide promotion","text":"<p>Use this section to promote content throughout every page of your site. Add images for further impact.<\/p>","button_label":"Optional button","button_link":""}},"footer-promotions-1":{"type":"promotion","disabled":true,"settings":{"enable_image":true,"image_mask":"none","image_width":650,"title":"Site-wide promotion","text":"<p>Use this section to promote content throughout every page of your site. Add images for further impact.<\/p>","button_label":"Optional button","button_link":""}},"footer-promotions-2":{"type":"promotion","disabled":true,"settings":{"enable_image":true,"image_mask":"none","image_width":650,"title":"Site-wide promotion","text":"<p>Use this section to promote content throughout every page of your site. Add images for further impact.<\/p>","button_label":"Optional button","button_link":""}}},"block_order":["footer-promotions-0","footer-promotions-1","footer-promotions-2"],"settings":{"hide_homepage":false,"align_text":"left"}},"footer":{"type":"footer","blocks":{"1494292487693":{"type":"newsletter","settings":{"show_footer_title":true,"title":"IF YOU WANT TO CONTACT US","richtext":"<p>We are located in a California but we create our products from all over the world and ship to all 50 state in the U.S.<\/p><p>thecovenantorders@gmail.com<\/p>","container_width":33}},"1494301487049":{"type":"menu","settings":{"show_footer_title":true,"menu":"footer","container_width":20}},"1494292485313":{"type":"menu","settings":{"show_footer_title":true,"menu":"","container_width":20}},"1494292481350":{"type":"logo_social","settings":{"desktop_logo_height":50,"container_width":20}}},"block_order":["1494292487693","1494301487049","1494292485313","1494292481350"],"settings":{"show_locale_selector":true,"show_currency_selector":true,"show_currency_flags":true,"show_payment_icons":true,"colorize_payment_icons":true,"show_copyright":true,"copyright_text":""}}},"order":["footer-promotions","footer"]}