{"type":"header","name":"t:sections.header-group.name","sections":{"announcement-bar":{"type":"announcement-bar","disabled":true,"settings":{"announcement_text":"FREE DELIVERY OVER $100","announcement_link":"","announcement_closable":false}},"header":{"type":"header","blocks":{"megamenu_xBcrjw":{"type":"megamenu","settings":{"menu_item":"","promo_heading_1":"","promo_text_1":"","promo_url_1":"","promo_heading_2":"","promo_text_2":"","promo_url_2":""}}},"block_order":["megamenu_xBcrjw"],"settings":{"logo":"shopify:\/\/shop_images\/2-1.png","logo-inverted":"shopify:\/\/shop_images\/2-1.png","desktop_logo_width":160,"mobile_logo_width":140,"main_menu_link_list":"main-menu","hover_menu":true,"main_menu_alignment":"center-split","header_sticky":true,"sticky_index":true,"sticky_collection":true}}},"order":["announcement-bar","header"]}