{"type":"custom.popups","name":"t:sections.popup-group.name","sections":{"newsletter-popup":{"type":"newsletter-popup","blocks":{"57a431f0-3959-4cc5-8832-835ae77b29b3":{"type":"header","settings":{"reminder_label":"Art is in the eyes of the beholder."}}},"block_order":["57a431f0-3959-4cc5-8832-835ae77b29b3"],"disabled":true,"settings":{"disable_for_account_holders":true,"popup_seconds":2,"popup_days":30,"popup_title":"Special Deals","popup_text":"<p>Immerse yourself in our worldwide curated selection of artistic prints, mugs and tee shirts. We spread peace and community through creativity and unique designs!<\/p>","image_position":"left","show_social_icons":false,"enable_newsletter":false,"button_label":"SHOP NOW","button_link":"shopify:\/\/collections"}},"age-verification-popup":{"type":"age-verification-popup","disabled":true,"settings":{"enable_test_mode":false,"blur_image":false,"heading":"Confirm your age","text":"<p>Are you 18 years old or older?<\/p>","decline_button_label":"No I'm not","approve_button_label":"Yes I am","decline_heading":"Come back when you're older","decline_text":"<p>Sorry, the content of this store can't be seen by a younger audience. Come back when you're older.<\/p>","return_button_label":"Oops, I entered incorrectly"}}},"order":["newsletter-popup","age-verification-popup"]}