{"sections":{"main":{"type":"blog-template","settings":{"blog_show_tag_filter":false,"blog_show_rss":false,"blog_show_tags":false,"blog_show_date":true,"blog_show_comments":true,"blog_show_author":false}},"featured-collections":{"type":"featured-collections","blocks":{"collection1":{"type":"collection","settings":{"collection":"art-prints","focal_point":"center center","size":"square-small"}},"collection2":{"type":"collection","settings":{"collection":"artistic-tshirts-mens","focal_point":"center center","size":"square-small"}},"collection3":{"type":"collection","settings":{"collection":"famous-paintings-tassen-mugs","focal_point":"center center","size":"square-small"}},"collection4":{"type":"collection","settings":{"collection":"resources","focal_point":"center center","size":"square-small"}}},"block_order":["collection1","collection2","collection3","collection4"],"settings":{"title":"You may also like","divider":false,"enable_gutter":false}}},"order":["main","featured-collections"]}