{"sections":{"main-collection":{"type":"main-collection","blocks":{"collection_description":{"type":"collection_description","disabled":true,"settings":{}},"product_grid":{"type":"product_grid","settings":{"collection_subnav_style":"inline","per_row":4,"mobile_flush_grid":false}}},"block_order":["collection_description","product_grid"],"settings":{"collection_image_enable":false,"collection_image_height":550,"parallax":false,"parallax_direction":"top","enable_sidebar":true,"collapsed":true,"enable_color_swatches":false,"enable_swatch_labels":true,"enable_sort":false}}},"order":["main-collection"]}