{"sections":{"slideshow_THAbGc":{"type":"slideshow","blocks":{"image_WjHGah":{"type":"image","settings":{"title":"","title_size":80,"subheading":"","link":"","link_text":"","text_align":"vertical-bottom horizontal-left","image":"shopify:\/\/shop_images\/2-1.png","image_mobile":"shopify:\/\/shop_images\/2-1.png","parallax_direction":"top","overlay_opacity":0}}},"block_order":["image_WjHGah"],"settings":{"section_height":"natural","mobile_height":"250px","parallax":false,"style":"arrows","autoplay":true,"autoplay_speed":5,"lazyload_images":true}},"featured_collection_JVjArf":{"type":"featured-collection","disabled":true,"settings":{"title":"NEW ARRIVAL 2025","home_featured_products":"tees","per_row":4,"rows":1,"view_all":true,"divider":false}},"text_columns_dVkN8z":{"type":"text-columns","blocks":{"text_block_iFAKWd":{"type":"text_block","settings":{"enable_image":true,"image":"shopify:\/\/shop_images\/CV3-Front_3d8ab72a-8a61-4cd2-ab70-a814b2c0c48c.jpg","image_mask":"none","image_width":650,"title":"","text":"","button_label":"T-SHIRTS","button_link":"shopify:\/\/collections\/vintage-tees"}},"text_block_G3cnm7":{"type":"text_block","disabled":true,"settings":{"enable_image":true,"image":"shopify:\/\/shop_images\/Green-Angel-2.jpg","image_mask":"portrait","image_width":650,"title":"","text":"","button_label":"SHORTS","button_link":"shopify:\/\/collections"}},"text_block_bgGyTh":{"type":"text_block","disabled":true,"settings":{"enable_image":true,"image":"shopify:\/\/shop_images\/Newport--Red-7.jpg","image_mask":"portrait","image_width":650,"title":"","text":"","button_label":"LATEST 2024","button_link":"shopify:\/\/collections\/all"}}},"block_order":["text_block_iFAKWd","text_block_G3cnm7","text_block_bgGyTh"],"disabled":true,"settings":{"title":"","align_text":"center","divider":true}},"featured_product_fRcWC3":{"type":"featured-product","blocks":{"price_DVxU9F":{"type":"price","settings":{}},"separator_gzfn8H":{"type":"separator","settings":{}},"variant_picker_Paf3MT":{"type":"variant_picker","settings":{"variant_labels":true,"picker_type":"button","product_dynamic_variants_enable":true,"color_swatches":false}},"buy_buttons_x6QUjt":{"type":"buy_buttons","settings":{"show_dynamic_checkout":true,"surface_pickup_enable":true,"show_gift_card_recipient":false}},"description_ytAEiy":{"type":"description","settings":{"is_tab":false}}},"block_order":["price_DVxU9F","separator_gzfn8H","variant_picker_Paf3MT","buy_buttons_x6QUjt","description_ytAEiy"],"settings":{"featured_product":"covenant-light-activewear-towel","divider":false,"sku_enable":false,"image_size":"medium","product_zoom_enable":true,"thumbnail_position":"beside","thumbnail_arrows":false,"enable_video_looping":true,"product_video_style":"muted"}},"newsletter_JKKgyj":{"type":"newsletter","blocks":{"title_jzQmaJ":{"type":"title","settings":{"title":"Sign up and save","heading_size":"h2"}},"text_egHzrh":{"type":"text","settings":{"text":"<p>Subscribe to get special offers, free giveaways, and once-in-a-lifetime deals.<\/p>"}},"form_QKPQbW":{"type":"form","settings":{}}},"block_order":["title_jzQmaJ","text_egHzrh","form_QKPQbW"],"settings":{"align_text":"center","image_width":"33","image_mask":"none","image_position":"right","color_background":"#f9f9f9","color_text":"#1c1d1d","top_padding":true,"bottom_padding":true}}},"order":["slideshow_THAbGc","featured_collection_JVjArf","text_columns_dVkN8z","featured_product_fRcWC3","newsletter_JKKgyj"]}