{"sections":{"main":{"type":"main-page","disabled":true,"settings":{}},"rich-text":{"type":"rich-text","blocks":{"heading":{"type":"heading","settings":{"title":"Get in touch"}},"text":{"type":"text","settings":{"enlarge_text":true,"text":"<p>Please enter in your information below to get in contact with us for any reason.<\/p>"}}},"block_order":["heading","text"],"settings":{"align_text":"center","narrow_column":true,"divider":false}},"form":{"type":"contact-form","settings":{"title":"Contact us","text":"","show_phone":false,"narrow_column":true}}},"order":["main","rich-text","form"]}