{"layout":"password","sections":{"password-header":{"type":"password-header","settings":{"overlay_header":false,"logo":"shopify:\/\/shop_images\/2-1_6329dec9-a535-441c-b96c-ebb22c1a070a.png","desktop_logo_height":50,"mobile_logo_height":50}},"slideshow":{"type":"slideshow","blocks":{"1524769873765-0":{"type":"image","settings":{"title":"","title_size":60,"subheading":"","link":"","link_text":"","text_align":"vertical-center horizontal-center","image":"shopify:\/\/shop_images\/2-1_6329dec9-a535-441c-b96c-ebb22c1a070a.png","image_mobile":"shopify:\/\/shop_images\/2-1_6329dec9-a535-441c-b96c-ebb22c1a070a.png","parallax_direction":"top","overlay_opacity":0}}},"block_order":["1524769873765-0"],"settings":{"section_height":"550px","mobile_height":"auto","parallax":false,"style":"bars","autoplay":false,"autoplay_speed":7,"lazyload_images":true}},"newsletter":{"type":"newsletter","blocks":{"password-newsletter-title":{"type":"title","settings":{"title":"Be the first to know","heading_size":"h2"}},"password-newsletter-text":{"type":"text","settings":{"text":"<p>Get notified when we re-open our online store.<\/p>"}},"password-newsletter-form":{"type":"form","settings":{}},"password-newsletter-share":{"type":"share_buttons","settings":{}}},"block_order":["password-newsletter-title","password-newsletter-text","password-newsletter-form","password-newsletter-share"],"settings":{"align_text":"center","image_width":"50","image_mask":"none","image_position":"right","color_background":"#ffffff","color_text":"#1c1d1d","top_padding":true,"bottom_padding":true}}},"order":["password-header","slideshow","newsletter"]}